{
  "$schema": "./node_modules/@biomejs/biome/configuration_schema.json",
  "vcs": {
    "enabled": true,
    "clientKind": "git",
    "useIgnoreFile": true,
    "defaultBranch": "main"
  },
  "files": {
    "ignoreUnknown": false,
    "includes": [
      "!!**/node_modules",
      "!!**/.next",
      "!!**/.turbo",
      "!!**/dist",
      "!!**/build",
      "!!**/coverage",
      "!!**/*.config.js",
      "!!**/*.config.mjs"
    ]
  },
  "linter": {
    "enabled": true,
    "rules": {
      "recommended": true,
      "suspicious": {
        "noExplicitAny": "warn",
        "noArrayIndexKey": "error"
      },
      "complexity": {
        "noForEach": "error",
        "noBannedTypes": "warn"
      },
      "style": {
        "noNonNullAssertion": "warn",
        "useImportType": "error"
      },
      "correctness": {
        "noUnusedVariables": "warn",
        "useExhaustiveDependencies": "error"
      },
      "performance": {
        "noBarrelFile": "off",
        "noNamespaceImport": "off"
      }
    }
  },
  "formatter": {
    "enabled": true,
    "formatWithErrors": false,
    "indentStyle": "space",
    "indentWidth": 2,
    "lineWidth": 100,
    "lineEnding": "lf"
  },
  "javascript": {
    "formatter": {
      "quoteStyle": "double",
      "jsxQuoteStyle": "double",
      "trailingCommas": "es5",
      "semicolons": "always",
      "arrowParentheses": "always",
      "bracketSpacing": true,
      "bracketSameLine": false,
      "quoteProperties": "asNeeded"
    }
  },
  "json": {
    "formatter": {
      "enabled": true,
      "indentStyle": "space",
      "indentWidth": 2,
      "lineWidth": 100
    }
  },
  "css": {
    "formatter": {
      "enabled": true,
      "indentStyle": "space",
      "indentWidth": 2,
      "lineWidth": 100
    }
  },
  "extends": ["ultracite/biome/core", "ultracite/biome/next", "ultracite/biome/react"]
}
