{
  "$schema": "https://json.schemastore.org/tsconfig",
  "display": "Default",
  "compilerOptions": {
    "target": "ES2022",
    "lib": ["ES2023"],
    "module": "ESNext",
    "moduleResolution": "Bundler",
    "resolveJsonModule": true,
    "allowJs": true,
    "checkJs": false,
    "declaration": true,
    "declarationMap": true,
    "sourceMap": true,
    "removeComments": true,
    "importHelpers": true,
    "isolatedModules": true,
    "allowSyntheticDefaultImports": true,
    "esModuleInterop": true,
    "forceConsistentCasingInFileNames": true,
    "strict": true,
    "noUnusedLocals": true,
    "noUnusedParameters": true,
    "noFallthroughCasesInSwitch": true,
    "noUncheckedIndexedAccess": true,
    "noImplicitReturns": true,
    "skipLibCheck": true,
    "noEmit": true,
    "incremental": true
  },
  "exclude": ["node_modules", "dist", "build", ".next", ".turbo"]
}
