[
    {
        "id": 1,
        "title": "2022 Toyota Corolla Cross",
        "price": 32900,
        "image": "/images/vehicles/corolla-cross.png",
        "miles": "6.1mi",
        "odometer": "18,450mi",
        "match": 78,
        "labels": [],
        "oldPrice": null
    },
    {
        "id": 2,
        "title": "2024 Toyota RAV4 Hybrid",
        "price": 30900,
        "image": "/images/vehicles/rav4-white.png",
        "miles": "6.1mi",
        "odometer": "15,000mi",
        "match": 78,
        "labels": [
            "Excellent Price"
        ],
        "oldPrice": null
    },
    {
        "id": 3,
        "title": "2024 Toyota RAV4 Hybrid",
        "price": 33500,
        "image": "/images/vehicles/rav4-blue.png",
        "miles": "6.1mi",
        "odometer": "29,450mi",
        "match": 79,
        "labels": [],
        "oldPrice": null
    },
    {
        "id": 4,
        "title": "2022 Toyota Yaris Cross Hybrid Active",
        "price": 25900,
        "image": "/images/vehicles/yaris-cross.png",
        "miles": "6.1mi",
        "odometer": "18,450mi",
        "match": 79,
        "labels": [
            "Price Drop"
        ],
        "oldPrice": 26400
    },
    {
        "id": 5,
        "title": "2023 Toyota Corolla Cross",
        "price": 31900,
        "image": "/images/vehicles/corolla-cross.png",
        "miles": "7.2mi",
        "odometer": "12,300mi",
        "match": 80,
        "labels": [
            "Good Price"
        ],
        "oldPrice": 32500
    },
    {
        "id": 6,
        "title": "2023 Toyota RAV4 Hybrid",
        "price": 29900,
        "image": "/images/vehicles/rav4-white.png",
        "miles": "5.8mi",
        "odometer": "10,000mi",
        "match": 77,
        "labels": [
            "Low Price"
        ],
        "oldPrice": null
    },
    {
        "id": 7,
        "title": "2022 Toyota RAV4 Hybrid",
        "price": 32500,
        "image": "/images/vehicles/rav4-blue.png",
        "miles": "8.0mi",
        "odometer": "22,000mi",
        "match": 75,
        "labels": [],
        "oldPrice": null
    },
    {
        "id": 8,
        "title": "2023 Toyota Yaris Cross Hybrid Active",
        "price": 25500,
        "image": "/images/vehicles/yaris-cross.png",
        "miles": "6.5mi",
        "odometer": "16,000mi",
        "match": 81,
        "labels": [
            "Excellent Price"
        ],
        "oldPrice": 26000
    }
]